영화코드,영화제목,장르,상영시간,등급,개봉일,리뷰1,리뷰2,리뷰3,리뷰4,리뷰5
23030000,귀공자,액션,118 분,청소년관람불가,2023.06.21,재미있게 잘봤어요~~,네 영화 보셨습니다^^,재맜어요 재ㅣ맊ㅇㆍ,영화 잘 보고 왔습니다,한국판 존웍 인듯 나름 재미있다.
23030100,사랑하는 당신에게,드라마,82 분,12세이상관람가,2023.05.31,"삶을 사랑한다는 것, 살아간다는 것",강추합니다. 재관람 하려고 해요.,"기분 좋아지는 영화, 우울할때 보세요","오랜만에 정상적인 프랑스 영화가 나왔나 했는데, 스위스와 벨기에 합작 영화였다. 춤을 배우는 장면이 좀 지루한데, 그것을 제외하면 재미와 감동이 있다.","영화 보는동안 마음이  따듯하고 미소를 머금게하고 눈물을 나도 모르게 흘리며 봤어요
 이 좋은 영화를 극장에 단 두명이 봤다는게 참 아쉽내요"
23030200,극장판 포켓몬스터DP : 아르세우스 초극의 시공으로,애니메이션,94 분,전체관람가,2023.05.31,"다음은 디아루가vs펄기아vs다크라이로 돌아올거라 믿습니다
그리고 ost 음원 좀 올려줘요",재밌고 멋져요 귝ㅇ,믿고보는 포켓몬 영화였다.,아이들이 좋아해서 즐거워요,좀 지루 했던 포켓몬
23030500,거신: 바람의 아이,애니메이션,94 분,전체관람가,2023.05.18,아….. 제발~*ㅠ_ㅠ*,특이하네요 만화 소재가,재밌게 보고 왔어요,너무좋아요재미있어요,빵티로 잘 보고 왔어요
23030600,[로열 발레] 신데렐라,공연,155 분,전체관람가,2023.05.15,실황이라 직접 공연장에 간 기분이 든다,아 너무 재밌었다. 흡입력이 대단함,누녜즈님 최곱니다! 프로코피예프 곡들도 너무 좋아요,인간의 육체가 만들어내는 우아함이나 익살 같은 의미에 대해 다시 한 번 생각해 볼 기회,프로코피에프의 음악과 너무나도 잘 어우러진 아름답고 유쾌한 발레. 무용수들이 어렵다던 독특한 스텝들이 기억에 남네요
23031200,엑소시스트: 더 바티칸,공포(호러),103 분,15세이상관람가,2023.05.10,재미있게 잘 봤습니다,검은사제들이 훨 낫다,너무 너무 굿굿굿굿입니다,이럴수가 재미엊ㅅ을수가..젠중,신선한 공포. 나름 볼만함
23031300,그래도 내가 하지 않았어,드라마,143 분,12세이상관람가,2023.05.10,누구를 믿어야할까 너무 힘들다,생각할거리가 많았던.,2023.05.10 내가 하지 않았어,"신선한 소재라는 장점을 끝까지 끌고 가는 능력으로 만으로도 , 야쿠쇼 코지의 압도적 존재감이란 정말 . .",그래도 내가 하지 않았어
23031400,경마장 가는 길,드라마,138 분,청소년관람불가,2023.05.07,경마장 가는 길 (1991) 한국,그립습니다 너무 일찍 가셨네요 ㅠㅠ,결코 다다르지 못한 경마장..,강수연 추모전 관람,경마장 가는길 강수연
23031500,그대안의 블루,드라마,115 분,15세이상관람가,2023.05.08,평범한 사람이어서 그런지 그들에게 공감은 못했어요 ost는 언제 들어도 좋아요 음악이랑 영화가 잘 어울려요,"안성기, 강수연 배우의 리즈 시절의 매력적인 연기, 셰련된 음악과 영상미가 좋아서 소장하고 싶은 영화네요",의미깊은시간이었습니다 감사합니다,"30년을 시간을 뛰어넘어 지금은 사라진 시대의 흔적들, 현재에서의 공감을 불러일으키기에는 무리수인 상황속에서도 여전히 빛나고 있는 그녀.강수연!!","시대를 앞서간 인상적인 작품이나, 절반의 성공을 보인 범작."
23031600,송어,스릴러,98 분,12세이상관람가,2023.05.09,다시봐도 좋은작품 강수연배우님 보고싶네요,강수연 배우 추모전에서 이은주를 추억함,강수연 추모전 송어,"""**은 그런 곳이 아니다""",인간의 본성을 지나치게 적나라하게 파헤침
23031700,씨받이,드라마,95 분,청소년관람불가,2023.05.07,이렇게라도 추모전 꾸준히 열어주세요 편안하시길..,명작입니다..역시나...,한국의 한이 담긴..!,강수연 추모전 관람,강수연 추모전 씨받이
23031800,아제아제 바라아제,드라마,134 분,청소년관람불가,2023.05.09,좋았어요 연기가 돋보였어요 ㅇㅇ,종교영화라 지루할거라 생각했지만 영화가 잔잔하면서 서서히 스며드는 영화네요,명작이네요..아직도 영화의 여운이...,기도하고 다다르는 영역..,"연기에 감탄하고, 연기를 했던 나이에 다시 한 번 놀람"
23032300,블랙 워터: 어비스,스릴러,98 분,15세이상관람가,2023.06.14,쫄깃하게 잘봤어요.,악어와 또 다른 아유의 영화,악어나 왕창 보여주지..,자고로 여자를  열받게 하면  안됩니다.,"영화가 같은 장면 씬 만 계속되고,별로 그다지 재미없고,지루하네요"
23032600,극장판 리틀 슈퍼맨 샘샘,애니메이션,78 분,전체관람가,2023.05.18,아이가 기억에 남는다고 하네요 코딱지 ㅎㅎ,오랜만에 재밌었습니다,꿈과 희망을 잘 표현한 영화입니다,재미있게잘봤어요~~!!,"초1,초3,어른.. 유치하지만 가볍게 보기 좋았어요"
23032700,[시네마캐슬] 그 아이는 귀족,드라마,124 분,12세이상관람가,2023.05.01,일본 계급사회 속에서 개인적 행복의 가치를 고찰해보게 되는 계기,섬처럼 떨어져 서로를 이해 못하는 사회,재미있게 잘 보았습니다.,너무 너무 좋았어요,도쿄에서 사나 시골 마을에서 사나
23032800,정이,SF,98 분,12세이상관람가,2023.05.08,영상미가 돋보이는 영화,극장 스크린으로 보는 그녀의 마지막 모습,오리지날리티도 없으면서 반전캐스팅 해봤자 남는건 절망스러운 디테일과 신파! 그 뻔한 메시지에 모든 것을 희생해봤자 남는건 용병님이라는 헛웃음나는 호칭과 아무도 안 믿어주는 여전사!,강수연 배우를 바라보는 느낌이 애잔하다.,sf에 정이 중요 역할을?
23032900,미미와 철수의 청춘스케치,드라마,105 분,15세이상관람가,2023.05.09,시간이 안맞아서 못봤습니다. 고인의 명복을 빕니다.,앳된 강수연을 볼 수 있어서 참 좋았어요,당시 두분의 앳댄 모습 조는것만으로도 좋았어요,오래된 영화라 유머가 안통했음 ㅜ,청바지 청자켓 그 시대의 풍경
23033000,내 아내 이야기,로맨스,169 분,청소년관람불가,2023.05.24,다소 혼란한 사랑이야기.,꿈꾸듯 사랑하고 그 꿈에서 깨지않게 잠든다,사랑하면 할수록 힘들어지는 .... 마지막 장면이 좋다,"인생이 녹녹치 않음을, 그리고 여유롭게 살아가야함을 다시금 깨닫는다.",많은 생각을 하게된다
23033500,블루 록,애니메이션,74 분,15세이상관람가,2023.05.11,매우 만족스러웠던 영화,축구만화 슛돌이같은,극장에서 보니까 화면 커서 더재밌어요,축구써바이벌 팬텀씽어 버젼~~ㅎ,크게보니 더 재밋다🤘
23033600,카일리 블루스,드라마,110 분,12세이상관람가,2023.05.24,꿈과 시간과 상실. 때를 놓쳐버린 사람은 영영 되돌릴 수 없는 것인가 / 중간에 말도 안되는 원테이크는 영화의 신비함을 더한다 계속 생각나는 영화,비간 감독은 천재다,이해하긴 어려웠지만 주인공의 읖조리는 싯구가 마음에 와 닿네요~~,재밌게 잘 봤습니다,영화는 좋은데 역시 해설이 필요하네요.
23034100,말없는 소녀,드라마,95 분,전체관람가,2023.05.31,부모 교육용 영화라고 여겨져요. 아이를 둔 부모가 어떻게 모범을 보여야 하는지 가르치고 있어요.,너무 예쁘고 아름다운 따뜻한 영화,잔잔하지만 매우 강렬한,또 보고 싶어……….,원작만큼 잘 살린 엔딩
23034200,페이퍼 스파이더스,드라마,109 분,15세이상관람가,2023.05.18,어디까지가 가족의 책임일까,정신적인 문제가 발생한 가족을 어떻게 치료하고 그 어려움을 어떻게 대처할 지 생각해 보게 하는군요~,모녀의 애증관계를 리얼하게 묘사함,"정신질환의 치명적 가정 해체의 위기를 극복해가는
우리 주변의 이야기",옆집 아저씨는 무슨 죄로... 😢 마음의 병은 누구에게나 있다
23034300,라이드 온,액션,125 분,12세이상관람가,2023.05.31,라이드온 영화 잘봤습니다,성룡 일대기... 그때를 추억하면...뭉클,뻔한데 감동적이네요,액션이 재미있었어요,나이든 성룡 재미는 없음
23034600,슬기로운 아내 수업,드라마,109 분,12세이상관람가,2023.07.12,프랑스도 옛날에는 엄청나게 남녀 차별이 있었음을 알게 되었어요.,내용이 그닥 와 닿지 않았는대도 관람후 머리가 개운하고 맑아지는~~,역시 우리는 지금처럼은 더 좋은지,저 시절 페미는 이해라도 가지.,잘 나가다 뜬금없는 발리우드 스타일 군무는 쫌 -.-;;;;
23034700,이윽고 바다에 닿다,드라마,125 분,12세이상관람가,2023.06.07,키시이 유키노 앞으로가 더 기대된다,일이 있으면 빨리 와야 돼 빨리,"대지진은 진실을 삼켜가버렸다. 지진으로 인한 상실의 아픔과 추억, 지진이 없었더라면 언젠가 밝혀졌을 진실로 인한 아픔과. 충격, 어느쪽을 이들은 원했을까. 독특한 연출 흥미로웠다",너무 너무 좋았어요,일본 영화에서 311 대지진은 여전히 소재로 다뤄지고 있구나
23034900,엘리멘탈,애니메이션,109 분,전체관람가,2023.06.14,디즈니애니메이션중 이만한 영상미와 감동은 없는듯,불과 물의 사랑 이야기가 참신한것 같음,캐릭터과 연출이 좋았어요,K-장녀들의 애환을 담은 영화,그래픽부터 스토리까지 모두 좋았어요
23035000,바깥 나라의 소녀,애니메이션,70 분,12세이상관람가,2023.05.16,보다가잤슴... 재미 잘 모르겠음.. 뭔 내용인지 이해도 안감...,한번 더 봐야 이해가 돌듯,웹툰을 본적이 있어서 애니메이션으로 보는 재미가 다르네.,뭔가 보긴 봤는데... 안놓치고 보고 있다 생각했는데 어어 하더니 끝났네 ㅡ.ㅡ,분위기는 좋았으나 이야기가 전개 되다가 끝나 버려서 맥이 풀리네요
21020000,실종: 사라진 사람들,"공포(호러), 스릴러",87 분,15세이상관람가,2021.03.18,시시한 영화의 한 사례.,Thrilling!,배경만 멋져요.딱히 스릴러도 아닌 공포도 아닌 그렇다고 재난영화도 아니고 영화 만들다 만 듯한 작품에요.그나마 배경은 멋져서 이 점수 줌.,괜찮다가 뭐지싶음..,영화 초반은 괜찮았는데 중반 이후 상황 전개가 잘 이해되지 않는다...
21020100,디 아더 사이드,공포(호러),87 분,12세이상관람가,2021.03.25,잼나게 잘봄 역쉬스릴러최고,몰입감이 있어서 빠져들어 봤어요,잘봤습니다 감사합니다,볼만하다 볼만하네 굿,디 아더 스토리 다크무비
21020300,코스믹 씬,"SF, 액션",88 분,12세이상관람가,2021.04.22,생각보다 엉성한 스토리~킬타임용,브루스윌리스만 생각하고 갔었는데 좀 아쉬움이 남는영화,ㅋㅋ 스토리 넘좋아요 무서움도 쪼금있네요,재미도있고브르스노장은살아있다는과시보여주었네브르스가나온영화는재미있어요존비가조금달라져서보였지만,"영화를 보고나면 이 영화를 과연 수입업자들이 영화를 보고
수입을 한게 맞는지에 대해 의구심이 들게 된다"
21020400,미니언즈2,"애니메이션, 어드벤처, 코미디",87 분,전체관람가,2022.07.20,ㄱㄷㄱㄷㄱㄷㄱㄷㄱㄷㄱㄷㄱㄷㄱㄷㄱㄷㄱㄷㄱㄷㄱㄷ,귀엽고 재미있어요!,아이들이 기대한 만큼 재미있게 봤어요^^,역시나 귀엽지만 <미니언즈 3>은 안 나왔으면.,3/10 다소 아쉬웠던 영화
21020500,노매드랜드,드라마,108 분,12세이상관람가,2021.04.15,"영화 보고 나서, 이 영화 오스카 작품상 타겠다고 생각했는데, 내 예측이 맞아서 좋았다",다 좋았다 다 좋았다,심심풀이로 보았는데 그냥 그랬어요,나이스굿좋아요감사~~,실제같은 느낌과 여운이 남았어요
21020600,레 미제라블,드라마,104 분,15세이상관람가,2021.04.15,현대판 레미제라블 상생이 왜 중요한가,전개에 있어서 자기 색깔이 있었다,미칠듯이 몰아붙인다,일어날 일은 분명 일어난다. 그들의 분노를 피할 길은 없다.,나쁜 농부만 있을 뿐이다
21020700,크루즈 패밀리: 뉴 에이지,"애니메이션, 어드벤처, 코미디",95 분,전체관람가,2021.05.05,딸아이와 함께 하는 소중한 추억~♡,마음 따뜻해지는 가족영화!,딸이랑 재밌게 봤습니다,애들이 재밌다고 하네요,아이들이 재밌게 봤어요
21020800,[시네마캐슬] 센코롤 커넥트,애니메이션,74 분,12세이상관람가,2021.03.27,무심한 표정들의 인물들이 매력적이고 괴물들도 귀엽습니다. 결말은 언제 나올지 궁금,"내용은 난해해서 재미없음 ..ㅠㅠ ㅋ 학생때 유니크해보여서 정말정말정말 보고싶었던 애니인데 어른이 된걸 실감하네요
엔딩곡이랑 영상미는 예ㅃㅓ요",1인 제작임을 감안해도 너무나도 허술하고 안일하다,구구절절하게 설명하지 않는 게 좋았어요.,"산만한 스토리, 불친절한 세계관"
21020900,극장판 콩순이: 장난감나라 대모험,애니메이션,79 분,전체관람가,2021.05.05,아이랑 같이 웃고울었다,7살 아이와 너무 재밌게 잘 봤어요.,조카가 좋아했습니다,아이가 잼 나게 잘 봤습니다,콩순이는너무재미있어요
21021200,인천스텔라,"SF, 가족영화, 로맨스",108 분,12세이상관람가,2021.03.25,나의 첫 차도 스텔라였는대!!!,독특한 B급 감성 영화,패러디라 해도 이야기 전개는 좋네요.,백승기 감독의 유니버스가 열린다!,잘봤습니다 감사합니다
21021300,[시네마캐슬] 오늘부터 우리는!!,"액션, 코미디",114 분,15세이상관람가,2021.03.28,딱 드라마정도의 느낌,킬링타임용으로 웃으면서 보기 좋았다,드라마랑 거의 같지만 존잼 ㅋㅋㅋ,지루할틈 없이 펼쳐지는 스토리. 중간중간 펼쳐지는 콩트?? 애드리브?? 가 매우 인상적인 영화였다. 후속편이 나오면 고민없이 보러갈생각이다.,80년대 감성... 교복입기엔 배우들이 너무 나이들지 않았나요?
21021400,어처구니없는,"미스터리, 코미디",91 분,15세이상관람가,2021.04.22,다소 기이한 잔재미 정도,킬링타임용 실험적인 영화,너무 재미있었어요 ^^,"감독이 사람들을 보는 시선이 진심으로 평등하고 따뜻하다고 느껴졌다. 낯설고 어쩌면 불쌍한; 어색한 사람들의 모습이 그저 ""다른"" 모습일 뿐이라는 가르침이 있었다고 생각된다.",정말 어처구니없는 영화..제목과 내용과 감상평이 동일한 영화
21021500,"무순, 세상을 가로질러",다큐멘터리,103 분,전체관람가,2021.04.22,무순이를 보면서 오늘도 힘내기를,"개인사와 그 배경이 되는 사회적 사건에 대한 고찰이 아쉽지만, 젊은이의 삶의 현장감과 도전 정신은 기특. 이야기의 핵심이 더 묵직했으면 개인적 이야기의 전달력이 컸을텐데..",IMF 시대의 상흔 속 가정에서 자라난 20대 후반 젊은이의 삶과 시선을 접하며 그들에게 공감하게되는. 여러 메시지의 무게중심이 다소 갸우뚱해서 아쉬움.,역시 청춘은 아프다,그냥저냥이네요 ㅎㅎ
21021600,내일의 기억,"미스터리, 스릴러",99 분,15세이상관람가,2021.04.21,반전 스토리 재밌었음. 근데 티비로 봐도 될 듯,기억... 그 공허함..,반전이있는영화 잘봤습니다~~^^,기대없이 봐야해요. 그냥 무난하네요,반전 또 반전이 많아서 스릴감이 있었어요
21021800,바람과 함께 사라지다,"드라마, 로맨스, 전쟁",230 분,12세이상관람가,2021.04.28,오래 사랑받는 영화는 이유가 있다,나쁜 뇬과 놈 하지만 매력 쩌는 이야기,세번째 또 다른 영화~~♡♡,네시간이 전혀 지루하지 않았어요!,한편의 대서사시를 보았네요.
21022200,노바디,"액션, 코미디",92 분,15세이상관람가,2021.04.07,현실 액션을 볼 수 있는 영화,"그래 액션 영화는 이거야 이거!
후반의 액션은 학살이라도 그걸 좀 자세히 보여주지 너무 휙 지나간다.",액션이 멋지고 최고였다,생각없이 스트레스 잘 풀고왔습니다,생소한 배우이긴한데 그래도 굉장히 좋았음
21022300,[GET9] 킹덤I 1&2,"공포(호러), 미스터리",130 분,청소년관람불가,2021.04.06,더 봐야 진가를 알 수 있는 영화,색깔로 으스스한 느낌을 잘 살렸어요.,젊은 시절 라스 폰 트리에 감독님 모습을 보는 재미도 쏠쏠하네요.,너무 무시무시한걸 기대했나봐 재미는 있었다,화이팅입니다 으자자
21022400,[GET9] 킹덤I 3&4,"공포(호러), 미스터리",147 분,청소년관람불가,2021.04.13,역시 감독의 유머는 저랑 잘 맞네요 ㅎㅎ,정말 큰 웃음 주는 공포영화였네요.,가스폭발의 있다 갈게요,그 동안 단편적으로 봤던 부분들이 연결되어서 재밌었어요.,드디어 19금다운 장면들이^^ 웃기기도 했고요ㅋㅋ
21022500,[GET9] 킹덤II 5&6,"공포(호러), 미스터리",141 분,청소년관람불가,2021.04.20,으시시한 느낌이 최고였어요.,"그냥 떠들썩하기만 한 해프닝. 확실히 에피소드 3,4에 비해서는 재미가 없네요.",생각보다는 지루했던 5~6편,계속되는 기괴함의 연속~,헬머짱!! 스웨덴 최고
21022600,[GET9] 킹덤II 7&8,"공포(호러), 미스터리",154 분,청소년관람불가,2021.04.27,뒷이야기가 정말 궁금해요. 어서 후속편이 나오면 좋겠어요.,무조건 시즌 3가 나와야한다♡♡♡♡,지난 번 에피소드보다  슬슬 관심이 더 생기려고 하는 순간에 끝나 버리네요. 다음 에피소드를 정말로 만들고 있는 것 맞겠죠?,"전역에 맴도는 악령의 기운, 꺼지지 않은 희미한 불빛들
#비명 #고통 #거짓말 #침묵","라스 폰 트리에도 드라마에는 어쩔 수 없었나보다 특히 8회 엔딩은 아마도 9편을 강하게 염두에 두고 만들어진것 같은데...""선과 악을 동시에 맞이할 준비를 하세요"""
21023000,[시네마캐슬] 3월의 라이온 전편,드라마,137 분,12세이상관람가,2021.04.01,재미있게 잘 봤어요.,재미있게 잘 봤어요.,후편이 기대되는 영화였어요. 매력적인 인간  캐릭터들이 인상적입니다.,나름 괜찮게 뷸 수 있던 청춘 성장 영화,원작을 안봐서 모르겠지만 나름 재미 있었어요
21023300,[시네마캐슬] 빙과,드라마,114 분,12세이상관람가,2021.04.01,"빙과에 숨은 뜻을 밝혀질 때 아, 그런 뜻이",오래만에 일본영화 재있게 잘봤어요,스크린으로 볼수있어 좋았어요,빙과 아이스크림 의미를 알게되면 슬프다,팬으로서보기 딱 좋른영화였다
21023400,[시네마캐슬] 신해석 삼국지,"액션, 코미디",113 분,12세이상관람가,2021.04.17,재미있게 잘 봤어요.,재미있게 잘 봤어요.,재치있는 해석과 연출에 박장대소 한번씩 시대역행하는 대사에 실소,좋았어요 삼국지를 코믹하게 쉽게!청소년들이 보면 좋을듯.,일본의 유머수준은 상당히높다. 하지만 이 영화는 그렇지 않았다. 시사회에 배우들이 판넬로 참석한 이유는 너무도 당연해보인다.
21023500,[시네마캐슬] 억남,"드라마, 미스터리",115 분,15세이상관람가,2021.04.01,시네마캐슬 억남 시네마캐슬,돈은 필요 없지 않아 긴장감을,Vbnmmkjhhgfddde,그럭저럭 괜찮아요..~,로또 당첨 후 가이드
21024700,아이들은 즐겁다,드라마,108 분,전체관람가,2021.05.05,아이들시선에서 잘 그려낸 작품입니다,재미있게봤어요.아이도조아했네요..,"사랑스런 아이들, 최고예요",'우리들'과 동시대 영화라는게 믿기지 않을 정도로 촌스러운 연출. 남감독의 한계인가. 너무나 어른의 시선에서 본 어린이 신파영화. 배우들의 연기는 아주아주 훌륭했음.,재밌게잘본영화입니다
21024800,비커밍 아스트리드,드라마,123 분,15세이상관람가,2021.05.12,추천드립니다. 보셔요~,비커미아스트리드비커밍,"작가로서 성장하기 전, 그녀의 초창기 삶, 그 영화적 생애를 잘 담아낸, 어릴적부터 자기주도적으로 살아나갔던 그녀는 결국 성취한 인생과 대표적 캐릭터를 탄생시킨듯.","아이들을 위한 이야기를 만들어내는 전문 작가가 되기 전, 아이와 진정한 소통을 하기 까지 겪었던 힘겨웠던 삶.. 그 과정을 엿보며..  먹먹하게 스며들어가다...",비커밍 아스트리드 영화 좋았어요
21024900,토토리! 우리 둘만의 여름,어드벤처,78 분,전체관람가,2021.05.19,"사랑스러움 가득한 주문 토토리
빌리 사랑해",아귀야워토토리요토토리,토토리  토토리   따라부르고  싶다,조카가 재밌게 봤다고 하네요.,아이들이 너무 귀엽다
21025000,스프링 송,"드라마, 뮤지컬",83 분,전체관람가,2021.04.21,@_@;;;; 무슨 얘긴지..,영화에서 찍은 뮤비가 나오는 장면은 감동 그 자체,유준상배우님 작품이라 봤네여 조금 잔잔한영화이긴한데 다큐같네여,진지하지만 재밌는 영화였어요.,Very pleasant!
25020000,우리가 빛이라 상상하는 모든 것,드라마,117 분,15세이상관람가,2025.04.23,졸다 깨다 졸다 봐버린...근데 마지막은 또렷하다,다시 보니 놀라움 여러 빛이라 상상했던 것도 한순간 지나가도 기억이 되면서 계속해서 그 시절이나 그 미래를 그려본다.,우리 모두가 대도시의 이방인이다.,"도시 뭄바이를 살아가는 세 여자의 연대, 그리고 희망",재밌게 잘 관람했습니다.
25020100,극장판 귀멸의 칼날: 무한열차편,애니메이션,116 분,15세이상관람가,2025.05.10,역시 믿고 보는 귀칼,다시봐도 재밌고 성우님까지 만날 수 있어서 너무 좋았습니다!,돌비사운드로 음향이 너무 좋았어요! 재개봉으로 큰화면에 다시 또 볼 수 있는 기회였어요!,아 진짜 너무 좋았어요ㅠㅠㅠ 포항점 서비스도 좋고ㅜㅜ 꼭 앞으로도 다시보고싶을 영화에요ㅠㅠ,영화관에서 볼 수 있어서 좋았어요.
25020200,극장판 닌자보이 란타로: 도쿠타케 닌자대 최강의 군사,애니메이션,90 분,전체관람가,2025.05.14,진짜 최고... 잣토 분량 많아서 좋아요,"도이 선생님과 키리마루는 ""가족""이다",기다렸던 영화였는데 너무 잘봤습니다! 번역도 기대이상이었어요,형이라는건 왜이리 좋은걸까… 유사가족미에 환장하게된다,감동적이구만 퀄리티짱짱해요잉
25020300,보이 인 더 풀,드라마,88 분,12세이상관람가,2025.05.14,꿈을 찾아 재능을 찾아 시작하고 끝나는 어린 우리의 발걸음 또는 뒷걸음질,너무 너무 너무 좋았어요,영화 연출과 배우들의 연기가 좋았고 재밌게 봤어요🏊🏻‍♂️🫧,풋풋하고 아런하다. 아쿠아리움 갈까,담백? 심심? 하게 잘 봤습니다.
25020400,"극장판 뱅드림! 잇츠 마이고!!!!! 전편: 봄의 양지, 방황하는 고양이",애니메이션,118 분,전체관람가,2025.04.24,여자들의우정이매우좋습니다,익숙한 여자 밴드 애니메이션의 맛,마이고는 신이고 나는 신을 목도할 수 있는 영광을 누리고 있다,우리 라나.. 너무 귀여워요.. 봄볕 연주할때 너무 눈물 나왔어요..,마지막에 감동적이였어요~~
25020600,케이 넘버,다큐멘터리,112 분,12세이상관람가,2025.05.14,"몰랐던 얘기 , 하지만 이제는 알아야 하는 얘기",피해자 입양자 입장에서 인간애의 훈훈한 사회적 온기를 조성해서 대책 마련하였으면 합니다.,"위조서류, 불투명한 프로세스 그럼에도 아직까지 잘못을 인정하지 않는 정부",슬프고 미안한 마음이 들었어요.,우리의 아이들까지 팔았다니 넘 슬프고 부끄러운 과거..
25020700,나미비아의 사막,드라마,137 분,15세이상관람가,2025.05.07,어질 어질 하나요 여주는 매력 쟁,잘 봤습니다 나미비아의 사막,영화가 너무 실망스럽네요,카와이 유미 연기가 좋네요 영화는 개인적으로 취향은 아녔지만요,해당영화를관람하였습니다
25020800,파이널 데스티네이션 블러드라인,공포(호러),109 분,청소년관람불가,2025.05.14,재미있게 잘 봤어요,집중해서 재밌게 봤어요,역시 믿고 보는것이 더 많이 좋아요,최고의 파이널 데스티네이션!!,동전의저주 사소한 것으로 시작되는 큰 파장 실감나는 사고장면으로 긴 러닝타임이 지루하지 않음
25020900,그 자연이 네게 뭐라고 하니,드라마,108 분,15세이상관람가,2025.05.14,"경기도 여주시 배경의 베를린 영화제 경쟁부문 진출작! 하성국 배우의 주연 연기를 본격적으로 볼 수 있는 홍상수 감독의 거의 첫 영화고, 권해효님과 조윤희님 실제 부부시죠^^",잘 관람하였습니다:),현실적이면서 일반적인 사람사는 모습,2025년 5월 17일,밈간사철 밈간사철 ㅇㅅㅇ.
25021000,리셋,다큐멘터리,90 분,12세이상관람가,2025.04.30,"의미있고 좋은 다큐.
 부모님들의 진심어린 합창에 숙연해지네요.
 잊지않고 계속 기억하겠습니다.","세월호 관련 영화중에는 처음으로 직접적으로 얘기한 영화에요.
감독님 초반내용은 자막을 해주시면 좋을것 같습니다.
수고하셨습니다.응원하겠습니다",2014년4월의 진실이 명백히 전해지길 바랍니다.,흥미있는이야기! 기대중입니다.,아직 끝나지 않은 세월호 참사. 거짓은 진실을 이기지 못한다.
25021300,미션 임파서블: 파이널 레코닝,액션,169 분,15세이상관람가,2025.05.17,시간가는 줄 모르고 봤네요~~,3시간이 좀 길긴하나 재미있습니다,좀 지루하지만 근사한 마무리다,역시 톰크루즈 대단하다,재미있게 잘 봤습니다. 미션 임파서블 전체를 정리하는 스토리라 재미있었고 좋았습니다.
25021600,[RBO] 로미오 앤 줄리엣,공연,181 분,전체관람가,2025.04.22,연기적 요소가 다른 작품보다 큼.,역시 맥밀란 버전 롬줄이 젤루 좋습니다,발레에 기획력이 더 해지고 주인공의 연기력도 좋았어요,"영원한 러브스토리, 아름답고 아름답고 아름다운~",감동의 로미오 앤 줄리엣~~
25022200,호랑이 소녀,공포(호러),95 분,12세이상관람가,2025.05.07,말레이시아 공포??영화-코메디 영화였다~반항적낙천적-12살소녀 자판-어느날 신체적변화겪고 본인모습안들키려하나 따돌림과 공격받고~소녀신체변화와 사회적억압을 표현한 독특한 성장드라마임,테마 하나에 집중을 했다면....,소녀들의 호러 이야기 잘봤습니다ㅎㅎ,폐쇄적이고 억압적인 사회에서 어린 소녀가 2차 성징을 겪는 과정을 호러라는 장르로 보여줘서 특이했습니다. 무섭다기 보다 씁쓸하네요.,여주 배우의 열연에 칭찬을
25023500,그리드맨 유니버스,애니메이션,117 분,12세이상관람가,2025.05.21,그들이 구한 세계는 과연 안전한가,기존 팬에게 최고의 영화 전작을 봐야 하는 허들이 있지만 약간 평범한 스토리 제외 모든 면에서 최상급,감동이 여전히 살아있는 우주명작,"어마어마한 얼음 괴물 공격으로부터
지구 지킴이들의 고군분투.","그리드맨, 다이나제논을 모두 좋아하는 사람에겐 거대한 선물이 될 작품... 처음부터 끝까지 팬서비스다 최고"
25023800,위드 러브,액션,83 분,청소년관람불가,2025.05.14,<에에올>로 부활한 키 호이 콴. 하지만 감독은 그를 데리고 클리셰로 가득찬 성룡 영화를 찍었다,넷플릭스 제작 액션영화같은 느낌,해당영화를관람하였습니다,해당영화를관람하였습니다,"딱 영화보기전 예상했던 그대로의 영화, 키호이콴에 대한 기대로 본 영화라 배우의 매력을 더 살려줬으면하는 아쉬움이 좀 있다"
25024400,[오페라] 아이다 @The Met,공연,194 분,전체관람가,2025.05.08,"개선행진곡을 부를 때 무대장치, 연출, 앙상블이 장관이어서 좋았다.
암네리스 역을 맡은 메조소프라노가 매우 인상 깊습니다.
노래 뿐 아니라 연기도 굉장히 뛰어납니다.","믿고보는 Met Opera.
새로운 연출도 좋았고,의상,무대 만점!
다시 관람할 의향? Yes!!!","기대를 걸고 관람을갔는데 역시메트로폴리탄오페라가최고 무대장식과배우들의 의상,이압권입니다 다시한번더볼려고해요 다만 부티크룸이너무냉방이라감기드는줄알았어요 조금적게해주세요",오랜만에 대작을 관람.,몰입이 좀 안되더라고요~ 용인기흥점에서도 다시 클소 상영해주세요 넘 멀어서 마음에 안 차면 실망이 더 크네요ㅠ
22020000,[애니페스타] 하이큐!! 콘셉트의 싸움,애니메이션,88 분,12세이상관람가,2018.01.11,박진감 넘치는 승부!!!훌륭했으,카라스노와 시라토리자와의 경기가 너무 좋았구 전국으로 가기위한 그들만의 승부수가 너무 최고였습니다 영화 잘봤구 재미있네요~~^^,작화력과 기술의 Production IG답게 극과 화력으로 경기의 흐름이라는 박진감을 잘 표현한 좋은 애니. 원작은 모르지만 원작도 보고 싶어지는 훌류한 애니라고 생각함.,진짜 보는 내내 내가 긴장하면서 볼 정도로 흥미진진함... 또 보고싶다...,사실 브금도 지리는데 최대 두개랬으니까... 진짜 이거 매년 주기적으로 해줬으면 좋겠을만큼 하이큐 극장판을 큰 화면으로 보는게 너무 짜릿함 내년에는 2기 극장판 부탁드립니다
22020200,[하마구치류스케] 해피 아워,드라마,328 분,15세이상관람가,2022.04.08(재개봉),"과정을 풀어주니 결론이 어색하진 않다
드러나는것과 그렇지 않는것의 간극을 얼마나 줄이며살아야 할까","보는 내내 그냥 재미있였다 근데 4시간째부터는 조금 힘들었다.
그렇다고 의미없는 장면은없었다.","스스로 산다는 것과, 의지해 산다는 건, 어디까지 같은 소리고, 어디까지 다른 소릴까?","여성 4인4색의 이야기. 각자 직업, 결혼여부는 다르지만, 각자의 인간관계속에 내재하는 '소통의 부재'를 5시간이 넘는 엽기적인 런닝타임을 통해 보여주었다.감독님! 파이팅 !!!!",나의 무게중심은 찾는다는 것은 타인과의 관계를 통해서만 확인이 가능하다
22020300,니 부모 얼굴이 보고 싶다,드라마,111 분,15세이상관람가,2022.04.27,색다른 영화였습니다~~*,기대 이상이였던 거 같음,오호 쏘쏘한 영화네요,반전의 반전 그리고 반전..,실감나게 간만에 정말 재밋게봣다
22020400,부기나이트,코미디,90 분,15세이상관람가,2022.04.28,너무 잼나요 최고입니다,많은걸 바라지않지만 그래도 아쉬움.,재미있게잘봣어요ㅋㅋ,영화   잘봤습니다...,극장에 올라올 영화가  아니다
22020500,서울괴담,공포(호러),122 분,15세이상관람가,2022.04.27,"삼류 공포... 혼자서 저녁시간에 봐서 영화관 분위기때문에 무섭지, 영화의 요소가 무서운 부분은 없었음.",볼만 했음 근데 생각보다 안 무서움,Cg가 이상하거 웃겼고 연출이 별로였지만 스토리는 괜찮았음,마블 첫 관람이였는데 너무 재밌게 잘봤어요,아이돌 연기 보는 영화
22020600,오마주,드라마,108 분,12세이상관람가,2022.05.26,영화 필름을 들여다보던 주인공의 모습이 생각난다.,지루하지만  배우들  연기는  괜찮아요,연출이 훌륭해요 잘봤습니다,연기 내용 모두 만족,잘봤습니다 감사합니다
22020700,스프링 블라썸,드라마,77 분,12세이상관람가,2022.05.04,봄바람처럼 지나가기를,"아직은 많이 어설프지만, 무르익을 실력을 기대해본다.",일상에서의 권태와 다른 세대에 대한 동경이 교차하는 순간을 아슬아슬하지만 선 넘지 않고 그려낸다.,"좋은 장면들이 있었지만, 편집이 좀 많이 아쉬웠네요!","권태기의 학생과 배우의 돌발 인연과 파란만장한 사랑을 순수 모드로 잘 포착해낸듯. 후반부 생략된 부분이 많아 진행상 좀 튀는듯, 지루한 부분도 약간의 아쉬움. 그래도 빛나는 청춘!"
22020900,행복을 전하는 편지,드라마,102 분,전체관람가,2022.04.13,무난하게 따뜻하ㄴ 이야기,가끔씩 만나게 되는 가슴 따뜻해지는 이야기..,따뜻한 감동이었어요,규모는 작지만 이런 영화도 더 많은 관을 배정받길,할아버지와 손자의 크리스마스 이야기 감동이었어요
22021100,김재화 배우전 - 단편모음,기타,103 분,15세이상관람가,2022.04.14,배우가 차곡차곡 쌓아가는 연기를 보는 재미,마치 영화제의 단편경선을 보는 듯한 기분. 불모지 이혼합시다  중성화 다운.. 모두 의미심장한 내용들. 불모지는 주제도 또 여성간의 이해와 협력하는 모습으로도 인상이 강렬했습니다.,"재화 배우님의 매력에 더욱 빠질 수 있었던 기회.
첫 작품부터 마지막 작품까지 아쉽지 않은 작품이 없었다.",김재화 배우는 위대합니다,"좋은 시선 2개, 그닥의 시선 2개."
22021200,"파리, 13구","드라마, 로맨스",105 분,청소년관람불가,2022.05.12,청춘은 결국 서로를 선택하기 위한 과정을 겪는 시기가 아닐까,통속적이고 지극히 현실적인 이야기를 흑백 필름과 감각적인 촬영 그리고 OST를 활용하여 몽환적이고 환상적으로 연출해냈다.,영상미 빼고는 그냥 진부했어요,현실적인데 선정적인 장면은 불편함,어떻게 보면 일상적인
22021300,어부바,가족영화,107 분,전체관람가,2022.05.11,잔잔한 감동을 주는 영화 또다시 보고 싶은 영화예요,넘 아쉬워요 배우나 연기나 스토리나,스토리도 식상하지만 그냥 킬링타임용으로,성장영화이면서 코믹;;??,재미있는 영화 입니다
22021400,"아치의 노래, 정태춘",다큐멘터리,113 분,전체관람가,2022.05.18,음악이 있어 더 좋은 영화이다. 대학 다닐 때 정태춘씨 노래를 즐겨 부르던 것이 생각난다. 콘서트로 포고싶다.,이 다큐를 만들어주셔서 고맙습니다~!!!,"비가 갑자기 퍼붓던날. 
마지막 상영이라 앞에 한시간을 놓쳤음에도 좋았던.",콘서트장에 온 듯 감동적인 노래와 추억들이 스쳐 지나갔다 꼭 콘서트를 보러 가야겠다,잘보았습니다 감사합니다
22021500,크로스 더 라인,스릴러,96 분,청소년관람불가,2022.05.12,겨우 하루 밤 사이의 일이라니,veryverygood,"카메라와 음악 사용이 긴장감을 더하네요. 특히 주인공의 뒤통수를 쫓아가는 첫장면과 클로즈업 끝장면의 대비, 처음과 끝 모두에서 생사 결정이 주인공에게 맡겨진 점 등 흥미롭네요.",첫발을 잘못 내딛은 결과...까마귀 있는 곳에 백로가 가면 결국 파멸로~,개연성이다소 부족하다는느낌이네요
22021600,브로커,드라마,129 분,12세이상관람가,2022.06.08,강동원 송강호 아이유 조합맛집,너무재밌어요 감사합니다,잘생긴 강동원님 보고 왔네요,전하려는 메시지는 좋으나 너무 루즈해요,뭔 내용인지 잘 모르겠어요… 좀 기대 했는데
22021800,[백상] 기적,드라마,117 분,12세이상관람가,2022.04.20,기대보다 더 좋았습니다. 배우들도 스토리도 마음에 잔잔하게 여운을 남겼줬어요,나의 꿈을 응원해주는 따뜻하고 소중한 영화,감동과 재미가 함께하는 영화였어요,공감100 만족1000 스토리와 배우분들의 감성이 오롯이 느껴지는 힐링 영화였어요 ㅠㅠ 좋은작품 볼 수 있어 너무 좋았습니다. 앞으로도 쭈욱~부탁드려요~행복한 하루하루 되시길😉♡,간절함은 이루어진다
22021900,[백상] 모가디슈,"드라마, 액션",121 분,15세이상관람가,2022.04.20,이념은 다를지언정 죽고사는 문제 앞에선 모두 동일한 인간이다,배우들의 연기합이 너무 잘 어우러져서 모가디슈의 스토리가 잘 전달되었습니다!,최고.... 영화관에서 보니까 더 좋아요,또봐도 눈물났다 ㅠㅠ 슬퍼,N차 관람이어도 배우분들의 훌륭한 연기와 연출로 집중해서 볼 수 있는 좋은영화 였습니다.
22022000,[백상] 미싱타는 여자들,다큐멘터리,108 분,전체관람가,2022.04.20,개봉 당시에는 보지 못해서 늦게나마 보게됐는데 보지 못했으면 후회 할 뻔 했습니다..,내 현재는 딩신들이 희생한 미래 누릴게요 당당하게 당신들의 노고가 헛대지 않기를 그리고 나도 그럴게요 열심히 살아 남길게요,눈물이ㅜㅜ 같은여자로서 당당하고 멋진모습 넘 보기 좋았어요,시대상에 따른 여자들을 알아가는 시간..우리 엄마 그리고 할머니때의 이야기,고단한 시간은 보석이 되어서
22022100,[백상] 연애 빠진 로맨스,"로맨스, 코미디",95 분,15세이상관람가,2022.04.20,그냥 배우봐서 좋앗어요,현실 로맨스를 약간 앞선 듯한 재미있는 영화~ 나한테도...?,소재가 신선하고 공감가는 이야기,배우들 연기 넘 좋고 재밌어욤ㅋㅋ,배우님들의 현실적인 연기 아주 잘봤습니다
22022200,[백상] 킹메이커,드라마,123 분,15세이상관람가,2022.04.20,너무나도 잘 만든 영화!! 스토리도 미술도 연기도 연출도 다들 많이 봤으면 하는 영화입니다.,실존인물을 바탕으로 한거라서 그런지 몰입도가 높아져서 잼있게 봤습니다,재밌게 잘 봤습니다. 이선균배우 연기👍,두 배우의 연기가 최고였습니다,연기 맛집입니다👍🏻👍🏻
22022300,우연과 상상,드라마,121 분,15세이상관람가,2022.05.04,"연출, 스토리, 영상미, 배우, OST 모두 감동적입니다.",하마구치 류스케가 보여주는 우연과 상싱속 모든 것,하마구치 류스케 감독이 현재 일본 1타임을 다시 한 번 깨닫게 한다. 오래도록 기억에 남는 영화! 작은 작품이지만 반드시 영화관에서 봐야 한다.,우연이라는 작용. 상상이라는 대응. 하마구치 류스케를 세계가 주목해야 하는 이유.,뻘하게 웃기네 요놈
22022400,파리의 피아니스트: 후지코 헤밍의 시간들,다큐멘터리,115 분,전체관람가,2022.04.27,너무나 아름다운 피아노선율 힐링되는 영화~,음악만으로도 충분히 귀 호강했습니다,좋은 연주가 주는 감동,잘몰랐던 피아니스트에게 매료된,아름다운 연주 위로 흐르는 인생찬가
22022500,플레이그라운드,드라마,72 분,12세이상관람가,2022.05.25,아이들의 시선을 마주한,"마지막 동생이 오빠를 꼭 안아주는 장면,우리가 그렇게 해야 돼.
같이 느끼고 같이 다독이고 같이 용기주는 것","가장 안전해야 할 곳에서 상처받는 아이들,
어른들은ㅈ어디있는가",아역 배우들의 연기가 인상 깊었습니다,아이들의 감정선이 막 느껴져요..
22022700,봉명주공,다큐멘터리,83 분,전체관람가,2022.05.19,누군가의 추억이 시작되겠지!,"나무, 길, 거울, 그 곳에 살았던 이들, 세상에는 어느 것 하나 허툰 것이 없다.","재개발로인해 떠나고 싶지않지만 떠나야하고
고쳐서 사용하면 좋을텐데 
굳이 없는 사람들을 또 밀어내야하는지..",다큐멘터리 식 무난한 영화,다큐영화 좋았습니다
22022900,헤어질 결심,"드라마, 로맨스, 미스터리",138 분,15세이상관람가,2022.06.29,내가 그렇게 나쁩니까 명대사,박찬욱의 마스터피스.,그냥 최곤데? 윤리적으로 옳지 않지만 초월하는 그 무엇이 있다,내가 이걸 왜 이제서야 봤을까,인생영화 진짜 맞다
22023000,한산: 용의 출현,"드라마, 액션",129 분,12세이상관람가,2022.07.27,배우들  연기며  스토리등  잼나게  보았어요,전작보단 살짝 아쉬워요,너무 잘봤습니다! 감사합니다.,씨지가 꽤 정돈된듯 한 느낌.,너무너무 재미있고 가슴뭉클하게봤습니다. 이순신장군의나라를위한충정은 다시한번 생각하게되었습니다
22023300,매스,드라마,111 분,12세이상관람가,2022.05.18,용서와 화해에 대한 고민,더 무슨 말을 할 수 있을까,가해자와 피해자 부모를 중재자도 없이 만나게 한다는 거 자체부터 말이 안되는 거 같고 끝없는 말꼬리 잡기에 질려서 배우의 연기에 눈 돌릴 틈도 없이 지루해서 끝까지 볼 수도 없었다,부모라는 이름의 무게,배우들이 너무 열연하여 실제인거 같았다. 감독의 메시지가 강렬했다..
22023400,극장판 프리파라 모두 모여라! 프리즘☆투어즈,애니메이션,88 분,전체관람가,2016.10.13,또해줘또해줘또해줘다시해줘,"프리리즈 오타쿠라면 울면서 볼듯합니다,, 프리파라보단 프리즘스톤 비율이 더 많음",진짜 최고 전설 진짜 감사합니다 한번만 더 보고싶어요 너무 아름다워서 중반부터는 그냥 오열했습니다 프리티시리즈는 영원해 아 진짜 사랑합니다 감사합니다,그때 그 어렸던 시절을 떠올리게 해주는 영화,라라 보는 것만으로도 좋았어요
22023500,아파치 정션 : 무법자의 지대,"서부극(웨스턴), 액션",80 분,15세이상관람가,2022.04.27,영화 잘봤습니다 ^^,스토리라인은 괜찮은 거 같은데 어설프네요,오랜만에 극장에서 보는 서부극,무법자이야기인데 홈비디오 수준...,서부극의 향수에 출석
22023600,녹색광선,드라마,98 분,15세이상관람가,2022.05.01,풍경의 깊이로 고요히 일렁이는 마음의 풍경,녹색은 나의 색 나의 진심,"델핀을 보고있으면 짜증이 솟구치는데, 또 그게 한때 내 상태 같기도해서 이해됐다가 안쓰럽다가 애처롭고...",영화가 우연의 예술임을 실천한다.,녹색광선은 우리의 확신을 우연에 맡겨보는 것
22023700,해변의 폴린,드라마,94 분,15세이상관람가,2022.05.01,"아이의 눈으로 본 어른들의 헛짓거리에 실소를 금할 수 없었다
재밌는거..ㅎㅎ",지금까지 본 에릭 로메르 영화 중 제일 재밌어요,"애들이든
어른이든 유치해지는 사랑",사랑 찾기는 역시 어려워!,가장 솔직한 건 폴린 한명뿐.
22023800,봄 이야기,드라마,107 분,15세이상관람가,2022.05.01,우연과 오해를 중심으로 등장 인물들간의 일상적인 대화나 소소한 다툼이 이어지며 잔잔하지만 지루하지 않게 흘러간다.,오해는 눈 녹듯 풀리기도 하는 것,작은 우연들이 겹쳐 만들어낸 소소한 에피소드 ㅎㅎ,에릭 로메르의 영화는 뭔가가 있다,에릭 로메르의 영화는 자꾸 나를 돌아보게 만든다. 수없이 만들어낸 고지식한 철학 속에서 나는 얼마나 내 자신에게 솔직했을까?
22024100,겨울 이야기,드라마,114 분,15세이상관람가,2022.05.01,로메르의 다른 사계절 영화들과 조금은 그 결이 달라 낯설었던영화.,기적이 일어나고 낭만과 행복으로  마무리되기까지의 지난한 과정,4계절 시리즈 중에서는 제일 아쉬우면서도 어떤 면에서는 그 기적같은 우연을 믿는 캐릭터가 공감가기도 한다,내 인생을 찾아가는 것에 대한 기쁨의 눈물.,Lchhflyfgflh
22024500,윤시내가 사라졌다,드라마,107 분,12세이상관람가,2022.06.08,너무 너무 좋았어요,참신한 아이디어를 조합해낸 이야기와 최적의 인물구성의 힘이 좋은 인디 매력발산 불끈! 주제의 클라이막스가 승화되는 지점에서 좀 더 세련된 구성이 부족해서 살짝 임팩트 저조의 아쉬움,신구세대를 동시공략하는 인디작품만의 기발함과 패기는 무난하지만 최신 트렌드 요소와 주제의식 사이의 찰진 조화 지점의 표현은 아쉬윘는듯. 주조연 내공배우님들 만나는 반가움은 덤.,가짜에게도 진심이 있다.,좋은 영화 감사합니다
22024600,[유료시사] 배드 가이즈,"범죄, 애니메이션, 액션",100 분,전체관람가,2022.05.04,심금을 ㅇ ㄹ리는 긋띵작,나름 재미있었음. 5학년 아이도 재미있다고 잘 봤다네요,나쁘진 않았지만 너무 빠른 전개로 정신이 없다. 정신이 없으니 몰입할 타이밍을 주지 않는다.,너무 재밌었어요 추천해요,좋았어요~ 좋았어요~
22024700,큐어,공포(호러),111 분,15세이상관람가,2024.07.17(재개봉),시대를 타지않는 클래식,2024/08/04,구로사와 기요시만이 만들 수 있는 스릴러,음울하고 난해한 이야기,이런 차원의 소름은 처음
22024800,몬스터 싱어: 매직 인 파리,"뮤지컬, 애니메이션, 어드벤처",90 분,전체관람가,2022.05.26,음악이너무좋아서계속즐겨듣기하고있어요,언제끝나나 기다림ㅎ지루해요,"멋진 파리의 전경을 담은, 프랑스 애니메이션다운 개성을 담아냈어요.",아이들과함께 재밌게 봤어요~!,아들과 재미있게 봤어요
22024900,허셀프,드라마,98 분,15세이상관람가,2022.05.12,너무 안타까웠음ㅠ연기를 그만큼 잘했다...남자가 쓰레기..,'메헬'이라는 좋은 단어를 배워 가네요. 도움을 줌으로써 도음을 받는다...대충 결말을 알겠다고 생각할 때 반전이 나오지만 그래도 희망으로 끝나서 좋았습니다.,엄마는 위대해서 점수줌 한부모가정은 어디나 힘들다.,분위기나 모든것이 참 좋았던영화,산드라 .. 꽃길만 걸으시길 보는 내내 안타까움 ㅠㅠ
22025000,잭 인 더 박스,"공포(호러), 스릴러",88 분,15세이상관람가,2022.05.12,긴장감 대박  마지막 호쾌한 복수^^,굿굿 재밌게 봤어요,사물에 대한 흥미는유발하나 만듦새가 부족,즐겁게영화감상하였습닏ᆢ,잭은 별로 안 무서운데 인형이 무섭다
25000100,마당을 나온 암탉,애니메이션,93 분,전체관람가,2025.01.22,"엄마랑 같이 봣는데
엄마는 잎싹에 이입하는지 초록이에 이입하는지 생각하다가
더 슬퍼졋어요",잔잔하게 마음을 울리네요,아이와 함께 잘 봤습니다. 풍경이 너무 이쁘네요,"여전한 감동
여전한 울림
여전한 사랑",슬프지만  아름다운  영화
25000200,히트맨2,"액션, 코미디",118 분,15세이상관람가,2025.01.22,재미있어 ㅋㅋㅋ 크크크,1편에 비해 다소 미흡함,무난하게 재밌는 영화,악역 마음도 이해가 갔다,코믹액션 즐기고 갑니다
25000300,성 베드로 대성당과 로마의 교황청 대성당들,다큐멘터리,95 분,전체관람가,2025.01.15,담긴 내용이 부족했어요,로마는 온도시가 다웅장하다,다른 대성당들을 자세히 볼수있어 좋아요,"세계적으로 유명한 대성당들의 건축 과정과 의미..
소장된 작품들에 대해 전문해설가들의 
설명으로 아주 유익했습니다.",로마 4대 성당에 대해 좀 더 이해할 수 있는 기회였다.
25000400,검은 수녀들,"드라마, 미스터리",114 분,15세이상관람가,2025.01.24,긴장감이 너무 재밌었다,송혜교.전여빈 배우의 연기는 좋았지만 전작의 아성을 따라 잡진 못하는 아쉬움,클라이막스 좋았으나 초반 너무 지루하다.,기대하고 봤는데.. 실망,송혜교 너무 예쁨 진짜
25000500,반지의 제왕: 로히림의 전쟁,애니메이션,134 분,12세이상관람가,2025.01.25,재미있게 관람하여 대체적으로 만족합니다.,"여주인공 매력적 , 아이맥스면 어땠을까?",뛰어난 작화에 재밌게보았지만 전투씬이 좀더 있었으면 좋았을것같습니다,로히림이 하나로 통합되기는 커녕 배신하는 종족이 있고 참 힘든 운명을 쥐고 있다,애니에이션 비주얼 OST는 만족함
25000600,엘리: 몬스터 패밀리,애니메이션,87 분,전체관람가,2025.02.14,너무 재밌게 봤어요~ 캐릭터 귀엽습니다,흥미진진하고재미있었어요,ㄹㄹ후ㅡㅠㄹㄹㄹㄱ쇼ㅓㅏㅓㅓㅡㅑㅑㅑㅐㅑㅓㅓㅓㅏㅏㅓ,유익하고 즐거웠어요~~♡,중간에 초1은 무서워하긴했지만 분노조절에 대해 알게 되었어요
25000800,걸즈 앤 판처 제 63회 전차도 전국 고교생 대회,애니메이션,122 분,12세이상관람가,2025.01.15,극장에서 다시듣는 판처 포,MX4D 또보고싶다,너무 재밌습니다 애니판 보기 귀찮으면 이걸로 보세요,역시 4DX는 걸판이죠 믿고타는 탱크 어트랙션,하하 잼써요 극장판도 개봉 좀
25001100,그들은 피아노 연주자를 쐈다,애니메이션,103 분,12세이상관람가,2025.01.29,잘 모르는 음악인이지만 좋았습니다. 치코와 리타도 보려합니다.,"소설같이 찬찬히 흝어가는 서사가 사건의 블랙홀이 되어가고, 관객으로 아차하는 감정을 받게되는 순간. 이 애니메이션은 비로소 영화가 되었다.",독재의 핏자국은 장소를 가리지 않는다. 그게 피아노의 하얀 건반 위일지라도 말이다.,"브라질 보사노바에 대한 이야기를 따라가다 아픈 남미의 과거 역사속으로 들어간다. 나름 매력적인 방법이지만, 그냥 리얼 다큐로 만들면 더 좋지 않았을까 싶기도. 따라가기 쉽지 않다.",좋은 음악영화 상영관이 모자란
25001200,고양이키스 : 당신에게 마음을 여는 순간,드라마,120 분,전체관람가,2025.02.05,무해하게 볼 만한 따스한 작품.,무해한 인물들이 요즘 가장 큰 위로 하로언님 재인아 용희씨 행복하세요,아픔을 천천히 위로하는 따뜻한 영화입니다,재미있었습니다 웃겼던 장면은 정말 빵터졌어요,진심 사랑은 정거함도 치료함이 감명***
25001300,9월 5일: 위험한 특종,"드라마, 스릴러",95 분,15세이상관람가,2025.02.05,이런 영화 나 너무 좋아하는구나,실제 당시 방송 화면을 적절하고 자연스럽게 섞어서 몰입감이 배가 된다.,끝까지 긴장의 끈을 놓지 못하게 하는 작은 반전들,실화에  기반한 긴박감 넘치는 영화,너무 실제 같아서 다큐멘터리인줄 알았다
25001400,영화 러브 라이브! 니지가사키 학원 스쿨 아이돌 동호회 완결편 제1장,애니메이션,67 분,전체관람가,2025.02.06,2장 어떻게 기다려..,최고였어요...   2장도 기대됩니다!!,니지가사키는 언제나 즐겁습니다,니지동은 전설이 맞다..,갓-영화 2장 언제나오냐....
25001500,호조,"드라마, 뮤지컬",117 분,12세이상관람가,2025.03.12,진정 한국 뮤지컬은… 고증에 더 신경을 썼다면…,민족의 얼을 되살리는 '호조'정신 되새깁니다.,"배우분들발음이 또렷하게 들려서 좋았고 자막이 있는걸 안좋아하는데 이영화는 자막이있는게 좋았습니다 
돌비관에서 보고싶다는 생각을 많이 했고상영시간이 많았으면하는 아쉬움이있습니다.","독립운동을 하는 인물을 담아내는 과정의 뮤지컬 영화로서는 많은 부분에서 부족함이 보였다. 주된 이야기와의 연관이 적다고 느껴지는 장면이 많이 보였으며, 영화에 등장하는 뮤지컬 음악",ai이미지와 비디오를 조금 사용한것이 아쉬웠다
25001600,두 사람,다큐멘터리,80 분,12세이상관람가,2025.02.12,두 분의 건강과 행복을 기원합니다.,두 사람 좋았습니다,재밌게 봤습니다 ㅎㅎ,"잔잔한 일상의 사람사는 이야기: “연습없이 한 번 사는 인생, 하고 싶은거 하고, 같이 살고싶은 사람과 살아야 한다.“",이민자 소수자들의 생활을 덤덤히 잘 그려내다.
25001700,극장판 쿠로코의 농구 라스트 게임,애니메이션,91 분,12세이상관람가,2025.02.05,재미있는 영화 입니다,감사합니다 잘봤습니다,재미있게 잘 봤습니다 재미있게 잘 봤습니다,그냥저냠 시간때우기 좋아요,잘 관람하였습니다:) ~~
25001800,브루탈리스트,드라마,214 분,청소년관람불가,2025.02.12,3시간이 지루하지 않은것은 그만큼 흡입력이 있다는것,건축 얘기 보고싶른데 뭐하냐,그림자로 만들어진 뒤집힌 십자가. 모든 장면이 하나의 건축물을 짓는 과정에 대한 거대한 은유.,한 인간의 고유한 세계가 주변 사람과 이 세상과 어떻게 충돌하면서 그럼에도 기어이 쌓아올라길 수 있는지 보여준다.,멋지고 멋진 영화.  멋졌어요 2번봤어요
25001900,미드나잇 인 파리,"코미디, 판타지",94 분,15세이상관람가,2025.02.12,영상미좋긴했지만 조금 노잼,고전미는 영원하구나,공부한다고 오리지널티켓만 받고 못봐서 아쉽네요.이런 경우가 없는데 다음에 기회되면 봐야겠어요.,색감이 좋다. 레이첼 맥아담스,조금은지루한면은있습니다
25002000,데드데드 데몬즈 디디디디 디스트럭션: 파트2,애니메이션,120 분,15세이상관람가,2025.02.05,러닝타임에서 보여줄 수 없었던 보물들ㅠ,결말은 조금 아쉬웠지만 그래도 의외로 완결성이 있었음,거대한 빌드업에 알맞은 놀라운 엔딩,디디디딛넘 재밌따아,재밌게 잘봤습니다~
25002100,벌집의 정령,드라마,98 분,12세이상관람가,2025.01.29,아이의 눈이기에 볼 수 있는 것들과 볼 수 없는 것들,미장센의 교과서 같은 작품,"이해하기 어려웠다 그러나 음악은 영상과 
퍼펙트하게 어울렸더",아나 너무 귀여움 goat,영원한 명작. 영화의 배경을 알고 봤다면 더 좋았을듯
25002200,아카디안,"SF, 스릴러, 액션",91 분,15세이상관람가,2025.02.13,오랜만의 크리처물이라 잼났어요.,클리셰적인 소재들 투성이임에도 불구하고 탄탄한 기본기를 바탕으로 여러모로 잘 조합된 아포칼립스물.,조금만 더 밝았으면  더 재밌었을까?,원인불명의 괴생명체에 고군분투하며 .. 새 활로의 여지를 남긴다 ~,아포칼립소적 재난이라 볼만했네요
25002300,"초혼, 다시 부르는 노래",드라마,119 분,15세이상관람가,2025.03.19,"초혼, 다시 부르는 노래",진정성 있는 메시지가 좋았습니다,올드하다 많은 운동가를 들을수는 있다,"초혼, 다시 부르는 노래",감동이진한 영화네요
25002400,콘클라베,"드라마, 스릴러",120 분,12세이상관람가,2025.03.05,"콘클라베를 앞두고 콘클라베에 대해 궁금해져서 봤는데, 기대이상으로 너무 재밌게 봤습니다.",생각보다 흥미진진하고 재밌음,고요하지만 집중해서 보게 된다,내용적으로 보면 지루할만도 한데 하나도 안 지루하고 몰입감 있고 재밌었어요,묵직함이 있는 영화
25002500,명탐정 코난: 14번째 표적,애니메이션,100 분,12세이상관람가,2025.02.14,항상 코난을 보면서 감동하게 만드는 애니메이션,아이랑 함께보기 좋아요,잘 봤어요. 좋았어요. 재밌어요.,영화표가 남아서 봤는데 적당히 재밌었다!,볼 만한 일본만화물이다
25002700,첫 번째 키스,드라마,123 분,12세이상관람가,2025.02.26,현실성 없지만 믿고싶어지는 어른동화,악역이 있다면 운명이 아닐까..,굿입니다. 역동적인 스토리가 압도 합니다,일본영화 느낌이 있는 영화에요,눈물흐리면서 봤네요
25002800,히어,드라마,103 분,12세이상관람가,2025.02.19,톰 행크스 작품 잘 봤어요. 영화 방식이 특이해요.,잔잔한 감동을 주었다,좋아요좋아요좋아요좋아요,"설정은 새롭지만, 딱히 인상적인게 없는 내용.",잔잔하고 힐링되는 영화라 좋았어요
25002900,에밀리아 페레즈,"뮤지컬, 코미디",132 분,15세이상관람가,2025.03.12,"에밀리아 페레즈

에밀리아 페레즈",대단하고 허망한 영화네요.,시작과 동시에 귀와 눈을 사로잡는 파워풀한 뮤지컬씬으로 좌중을 압도한다+누가봐도 주연인 사람이 조연? 의아,새로운 느낌의 뮤지컬 영화였어요 조 샐다나 셀레나 고메즈 두 배우의 연기가 참으로 인상깊었네요,좋아요좋아요좋아요좋아요
25003000,캡틴 아메리카: 브레이브 뉴 월드,"SF, 액션, 어드벤처",118 분,12세이상관람가,2025.02.12,졸다 나옴... 이 예산에 이런 영화라니...,마블의 몰락 마블의 몰락,<더 마블스>를 호평하니까 이 영화를 혹평하지,재밌게 잘 봤습니다~,올만에 다시만나는 캡틴 아메들..규환을 축하해
25003300,화성특급,애니메이션,88 분,15세이상관람가,2025.04.02,아름다운 인체표현 그래도 프랑스영화 특유의 거리감,수작이다. 많은 사람이 못 본게 아쉽다.,시간남아서 기대 안하구 본건데 명작이다,볼만해요!!!~~~,생소했지만 의외로 재밌었음
25003400,[RBO] 신데렐라,공연,160 분,전체관람가,2025.02.04,영화관에서 보니 무용수의 미세한 동작까지 볼 수 있어 좋았습니다.,다 아는 이야기라 생각했지만 발레로 표현한 작품은 처음이었습니다. 막 사이마다 해설이 있어 휴식을 취하기 좋았고 스토리에 더 몰입할 수 있었습니다.,"발레 1열 뷰+사운드+제작비화를 한꺼번에 영화관에서 즐길 수 있다는 게 이 시리즈의 최대장점이 아닐까요
국내에서 공연을 보기 어려운 작품이라 더욱 즐거웠습니다
프로코피에프는 전설임","An exquisite ballet performance by Kaneko, and a fabulous production that transcends fairy tale!!","무대연출이 좋네요
근데 조금 어지러웠어요"
25003500,써니데이,드라마,98 분,12세이상관람가,2025.02.19,완도 홍보영상 잘봤습니다 꿀잠 용으로 제격이네요 재미없는데 재밋다는 애들이 좀 있네요 별점 조작인가봐요,유치한 스토리와 연기력 아쉽,드물어서 소중한 이완의 영화,재미있게 잘 봤습니다.,너무 심심한 옛스런 소재
25003600,[아카데미] 에밀리아 페레즈,"뮤지컬, 코미디",132 분,15세이상관람가,2025.03.12,매우 신선하고 독창적인 연출의 영화 새롭고 처음보는 뮤지컬 연출이었다 기억에 남을듯,참 애매하다 힘이 좀더 실렸으면 좋았을듯,"군중이 되려는 개인이여, 자신을 지켜라",조 샐다나 최고ㅠㅠ,이도 저도 아닌 밋밋함을 남긴 모호성.
25003700,[아카데미] 콘클라베,"드라마, 스릴러",120 분,12세이상관람가,2025.03.05,연출 영상미 각본 플롯 시사점 모두 좋았던 영화,정말 깔끔함. 모든게 평균 이상,처음 관람하고  재관람 의사  있음,신선한 주제 편안한 연출구성,장엄한 신의 섭리를 관찰하는 맛
25003800,컴플리트 언노운,드라마,140 분,12세이상관람가,2025.02.26,티모시~~~~ 샬라메~~~,티모시 샬라메여서. 아니면 굳이,티모시의 연기 중 가장 좋았다,연기도 좋고 음악도 좋고 잘만든 영화네요,항상 그렇지만 전기 작품은 스토리가 쉽지 않네요
25003900,[아카데미] 컴플리트 언노운,드라마,140 분,12세이상관람가,2025.02.26,밥딜런에 대해 빠삭했으면 잼있었을듯,하나로 규정될 수 없는 밥 딜런이 당장 지금 롤모델이라는 맨골드,자신의 재능을 믿고 대담하고 위대하게. 밥딜런,살짝 뻔하긴 한데 노래가 좋아요,The only reason I’m asking for it is that you
25004100,[아카데미] 플로우,애니메이션,84 분,전체관람가,2025.03.19,"대홍수라는 재난과 약육강식 법칙에서 무리 속하지 않은 세상 무해한 동물들의 생존 , 협력 , 연대 , 공존을 배워나가는 아름다운 모험.",대사 한 줄 없이 느껴지는 경이로움,동물 좋아하는 사람들에게 무조건 추천하는 영화. 귀여움 한가득!,동물 좋아하면 찐 강추,여러 업계에서 큰 지침표가 되어줄 영화
25004200,카라바조. 영혼과 피,다큐멘터리,94 분,전체관람가,2025.02.19,중간에 나오는 화면이.. 좀 신경쓰임..,바로크 회화의 개척자가이며 미술사적으로 전무후무한예술적 성취를 이룬 화가,우울하지 않아요. 절망중 희망을 노래해요,카라바조의 삶과 예술을 보여주는 좋은 영화,굿 카라바조 작품 좋다
25004400,[오페라] 호프만의 이야기 @The Met,공연,221 분,전체관람가,2025.02.06,재미있게 보았습니다,저에게는 좀 지루했어요. 이야기도 좀 이해가 안 갔고요. 그래도 듣는 귀는 좋았습니다.,길었지먼 너무 괜찮았다!,"기대 안하고 봤는데 너무 재밌었네요.
스토리보다 연출력이 뛰어나고
역시 메트오페라라 눈과귀가 즐거웠어요.
개인적으로 오펜바흐 음악 너무 좋아요^^",세 여인과의 사랑은 못 이루지만 예술 창작의 토대로 성장하는 호프만의 이야기 ~  잘 감상합니다.
25004600,정돌이,다큐멘터리,92 분,15세이상관람가,2025.02.12,정돌이와 함께 보는 고대사(高大史),감사합니다. 많은 생각을 하게됩니다,그때는 집 떠난 정돌이도 학교에서 형 누나 사랑받고 커나갈 수 있었던 세상이였네요.  고대 민주열사들의 삶을 돌아보게하는 참 의미있는 작품으로. 감동받았습니다.,과거의 실패한 무력 시위가 현재의 평화 집회를 만들었다는 생각이 들었습니다. 아주 잘 만든 영화는 아니지만 시간 가는 줄 모르게 집중했습니다.,실제 실화여서 집중력있게 잘봤습니다.
25004700,차라리 죽여,"드라마, 코미디",104 분,청소년관람불가,2025.02.26,흥미 있는b급영화.,기대와는 달리 그냥 단순 에로영화였네요.,발정난 암캐들의 무자비한 정력 착취 도발에 놀아나는 불쌍한 수컷의 애타는 절규. 덤 앤 더머의 몰카와 스토킹 케미가 잘 어우러진 헨타이 성욕 자극 에로틱 코미디 B급 감성 스릴러.,애로 코믹하면서 재미 있었어요.,에로틱 코미디의 씨가 말라버린 국내극장가에 나름 단비같은 영화다.
25004800,야당,"범죄, 액션",122 분,청소년관람불가,2025.04.16,재밌어요 긴장되네요,하이리스크 하이리턴,결말이 썩 통쾌하진 않지만 재미있게 봤어요,재밌게 잘 봤습니다!! 배우분들 연기도 최고,재미써요 한번 더 볼의향있음
25004900,미스터 로봇,애니메이션,90 분,12세이상관람가,2025.04.04,영화 재밌게 잘 봤습니다,볼만했던로봇애니메이션,오랜만에 생각없이 재밌었다,인상적인 색다른 로봇영화,볼만했어요 강추합니다
24070000,모래바람,다큐멘터리,79 분,전체관람가,2024.11.27,그런대로 볼 만 했어요.,좌절은 털어내고 밝은 앞날만 있기를!,운동하는 여자들 멋있다. 긴 시간을 담아내 변화하는 선수들의 모습을 볼 수 있어 좋았다. 여자씨름 경기 보고싶다.,모래처럼 모이면 힘이 되는 선수들의 영정,영화 보고 좋았어요
24070100,청설,드라마,108 분,전체관람가,2024.11.06,너무 예쁜 영화네요💗,푸릇푸릇. 설렘설렘. 재미나요,나만 이 반전을 몰랐다니.,여름을떠올리면영화가먼저떠오를거야,귀엽지만 현실에서 정말 일어날 법한 부조리한 일들에 대해서도 나와있어서 진지하게 관람했구요 노윤서 배우님과 홍경 배우님의 얼굴합이 너무 좋았습니다 ㅎㅎ
24070200,에드워드 호퍼,다큐멘터리,98 분,전체관람가,2024.11.27,"깊이감이라곤 1도 없는 호퍼 그림 PPT 띄워놓고 그의 예술과 삶, 그리고 사랑에 대해 주저리주저리 읊어대기",작가를 이해하려 작품을 보고 작가를 이해하려 영활보았네,영화관에서 누릴수 있는 최고의 호사,미술관에 방문한 듯한 다큐같은 영화,미술관에 와 있는 느낌
24070300,미망,드라마,92 분,12세이상관람가,2024.11.20,잊으려고 해도 잊을수 없다 멀레 넒게 바라보다 작은 바람,하성국의 재발견 자주가던 종로와 광화문 거리가 새롯게 보이는 경험과 함께 잔잔한 여운이 남는다,여백에 눈이 가는 사운드,쓸쓸하지만 또렷한 기억,걷는대화의 즐거움 그 정서마저 온전히 느낄수 있다는것
24070400,연소일기,드라마,95 분,15세이상관람가,2024.11.13,보고 오열했음...ㅠㅠ 마지막 음악까지 참 좋았다,어리고 쓸쓸하고 슬픈 일기,사건이 너무 구시대적이긴하지만 아이의 연기가 뛰어나고 충격적이게 슬프다. 형제의 이야기는 아쉽고 아름답다ㅠ,연소일기 재밌게 봤습니다.,별로입니다 별로에요
24071000,마리우폴에서의 20일,"다큐멘터리, 전쟁",94 분,15세이상관람가,2024.11.06,그대들은 이제 어떻게 살 것인가,지금 일어나고있는 전쟁..,"좋았어요...,..",참 언론인이 투철한 직업정신으로 전쟁의 참담한 실상을 폭로하는 큰일을 했다 무고한 생명을 허무히 스러지게 만드는 전쟁이 더는 없길 바랄 뿐이다,현실에 잡아먹힌 영화
24071500,사흘,"공포(호러), 미스터리",95 분,15세이상관람가,2024.11.14,영화 잘보았습니다.,연출이 넘 아쉽고 엔딩을 급조한 느낌,배우들 연기는 매우 좋았으나 스토리가 너무뻔한 전개였음,할말이없음……….그냥,재밌었어용 나름 스릴러...?
24071700,춘천대첩 72시간,다큐멘터리,94 분,전체관람가,2024.11.13,"감명 깊게 잘 봤습니다.
우리가 누리고 있는 행복에 대해서 알게 됐고 그분들의 희생이 없었다면 어떻게 됐을 까도 생각하는 영화였습니다.
인천상륙작전도 없었을 꺼라 생각이 들었습니다",아쉬움이 남는 영화였어요,청소년을 비롯한 온 국민이 보아야하는 제대로 됨 다큐영화,누구든 이 영화를 보고나면 마음이 웅장해집니다.,미래세대에 꼭 보여줘야 할 영화 입니다 ~ ☆
24071800,히든페이스,스릴러,115 분,청소년관람불가,2024.11.20,연기 스토리 연출 다 좋네요,설마 했던 장면이 나옴 재밌음,재미있네요 볼만합니다.,와 박지현님 너무 아름다우심 ..,독특한 내용의 영화
24071900,크리스마스에 기적을 만날 확률,"드라마, 애니메이션, 액션",91 분,12세이상관람가,2024.12.11,쓸쓸하지만 따스하게 다가오는 낭만적인 하루,곤 사토시 작품을 영화관에서 보다니,잔잔한 웃음. 재밌게 관람하였음!,과연 기적은 어디까지 일까,스토리보드 북으로 먼저 접했던 영화 처음으로 실물 접하니 기대만큼 명작이라 생각합니다
24072000,레드 원,"미스터리, 액션, 어드벤처, 코미디, 판타지",123 분,12세이상관람가,2024.11.06,배우보는 재미가 좋았음,재밌게 봤어요~~~~,파워풀한 액션과 라이언 레이놀즈의 능청을 따라하려는 크리스 에반스의 이상한 조화,그냥 킬링타임용~~,재미있게 잘 보았습니다
24072100,서브스턴스,스릴러,140 분,청소년관람불가,2024.12.11,"남의 미의 기준이 아니라 본인에 대한 자존감과 자신감을 더 키워서 내적으로 더 성장 해야겠다고 느낀 영화!
배우들 전작품들도 뭐가 있는지 관심이 가네요",어디까지하나 보자보자하니까 정말 끝까지가네,시각적으로 사로잡히는 불쾌함,젊음에 대한 병적인 집착을 참신하게 표현한 영화,이 해 나온 영화 중 단연 1위
24072200,복수는 나의것,"드라마, 범죄",140 분,청소년관람불가,2024.11.06,"재밌게 봤어요.,.,.,","나쁜 자들은 저지른 일은 잊고 끝까지 복수를
못 끝냈다며 분해한다","주제의 전달력은 미흡, 70년대의 노골적인 표현은 PC에 물든 지금과 비교해보면 순수해 보일 정도",이마무라쇼헤이의 걸작 이런 영화 앞으로 볼수가 없지,60년전 일본영화 그시대 일본인들의 사회상을 볼수있었음
24072500,언니 유정,드라마,102 분,12세이상관람가,2024.12.04,관심은 곧 사랑!!!,내 주변 사람들을 나는 잘 알고 있나 라는 생각이 드네요,"영화를 본 후 생각할게 많아집니다! 유정과 기정 자매간의 진실 문제가 중심으로 보이지만, 절정과 결말에 이르러 폭발력이 대단하네요. 그와중에 학교와 공권력의 무책임함은 가관…",너무 너무 좋아써요,서로가 서로에게 제대로 된 답만 했었더라면
24072600,킹덤4: 대장군의 귀환,"액션, 전쟁",146 분,15세이상관람가,2024.11.20,킹덤 실사를 다 한번씩 봤는데 점점 재미있었다,중국 고전의 색다른 영웅본색,이번에 정말 잘 만들었다,왕기장군과 함께 킹덤도 끝나다,영화관에서잘 봤어요..
24072700,한 채,드라마,90 분,12세이상관람가,2024.11.20,그래서  그렇게 됐다구요?,디테일이 조금 아쉬운 영화,착할수록 말이 없는 사람들,한   채~~~  잘   봤어요...,현실성 있는 이야기 전개였어요..
24072800,아침바다 갈매기는,드라마,113 분,12세이상관람가,2024.11.27,중견 배우들의 버드 무비,모든 연기자들의 미친 연기. 디테일한 연출.,보험 사기단의 합리적 변명,"윤주상 배우님  인생연기를 하셧네요
2024년 최고의 수작 !!!",생각보다 넘넘 재밌어요
24072900,위대한 부재,드라마,133 분,15세이상관람가,2024.11.06,첫시랑을 찾아 가족을 버린 아버지. 아버지가 미우나 그를 이해하기위해 자취를 찾아다니는 아들. 가족이란 어떤건가 생각하게 하는 영화네요.,치매걸린 아버지를 어떻게 받아들이는지,배우들의 연기가 좋았습니다. 스릴러여서 재미있게 잘봤습니다.,아는 배우가 많이 나왔어요.,재미있게 잘 보았습니다 ^^
24073200,아가미,"드라마, 미스터리",77 분,15세이상관람가,2024.11.27,청년들의 고민 혼란을 표현한건가 싶긴한데 난해하게 표현한 느낌. 장르가 미스터리인데  영화가 혼란스러움,왜 스릴러 분위기를 잡는건지 도통 이해가 안된다,빈 칸을 채우기 어려운,아련한 분위기 속에서 날것같은 영상이 펼쳐잔다,먹구름 같은 호흡을 계속하며 살아가는 청춘들의 암울한 모습
24073300,빈 국립 오페라: 베르테르,공연,121 분,15세이상관람가,2024.11.14,세계최고 수준의 오페라 배우들의 노래와 연기수준이 일품임,"베르테르와 샤를로테를 연기한 두 성악가의 열연과 노래가 압권. 무대의 변화는 단조로웠음. 영상으로서는 관객의 호응이 전혀 화면에 드러나지 않아 아쉽고, 화질괴 음향이 아쉬움.",원작의 감성과 너무 다른 …,베찰라의 베르테르가 하드캐리 했네요,신격호 회장우 샤를롯데의 어디에 매료되었던 걸까
24073500,1승,드라마,107 분,12세이상관람가,2024.12.04,독보적인 박정민배우의 짜증연기,믿고 보는 송강호만의 특유의 유머가 빛나는 영화였어요,가볍게 보기에는 너무 감동적인 영화,"기대 안 했는데, 정말 재밌는 영화였어요!",재밌는 영화👍👍
24073600,리얼 페인,"드라마, 코미디",90 분,15세이상관람가,2025.01.15,아카데미 수상 할만한 좋은 작품. 엔딩씬의 여운 최고,"너무 힐링되는 영화였습니다
마지먹에라도 보길 정말 잘했네요","진짜 고통이란 무엇일까요 보이는 고통, 보이지 않는 고통의 우열을 가려 갈라낼 수 없어요",제목 진짜 잘 지었네,"가해자 역할로 둔갑한 유태인 종족들 만행 시국에 그나마 홀로코스트에 대한 보편적 관점을 담담하게 담아낸듯. 가스라이팅 느낌도 없진 않지만, 이런 방식 풀어나가는 역사 되짚기는 무난"
24073700,프리다. 삶이여 영원하라,다큐멘터리,93 분,12세이상관람가,2024.11.06,최고입니다 내용도 프리다에 대해서 많이 알았습니다,한 예술가의 인생으로 삶을 더 깊게 들여다 보다.,"이탈리아 다큐멘터리!그림을 통해 자서전을 썼던 멕시코 에술가-프리다칼로~47년동안 서른두번의 수술,세번의 유산,자신의 파란만장한 생애와 고통을 예술로 승화~대단하다는 생각이 듬~",조금이라도 더 그녀를 이해하게 되는 부분이 있네요,"It is I, FRIDA KAHLO"
24073800,[콜롬비아100주년] 컨택트,"SF, 드라마, 스릴러",116 분,12세이상관람가,2024.11.13,진짜 진짜 최고다…,기대했던것만큼은 아니었지만 그래도 좋은영화라고 생각,깔끔한 영화. 그 이상은 못가 아쉬운 영화,외계생명체랑 조우하고 교감해나가는 과정이 잘 그려진 영화. 확실한 건 이런 건 처음 본다는 거?,다시 봐도 넘 좋은 영화
24073900,[콜롬비아100주년] 베이비 드라이버,"범죄, 스릴러, 액션",112 분,15세이상관람가,2024.11.13,베이비 이건 꿈이 아니고 실제야?,오프닝씬은 역대급이다,소리와 장면이 껌딱지.,이것이 진정한 카체이스 액션,다시보니 더 신난 드라이버 소년~
24074200,하우치,드라마,114 분,15세이상관람가,2024.11.13,"재밌게 봤어요,.,.",욜대박 감성충만한 영화다. 굿,중년이 되어 돌아보게 되고 그 시절의 스토리에 웃음짓게 되는 영화,"지대한 ,유라, 손지나, 오재무 배우들의 빈틈없는 연기가 좋았습니다.","청춘 아련한 그시절 좋다~ 친구들도 참 좋다 이런친구들과첫사랑 .., 배우들도 친근함 극장이많이 없어 아쉽다 이가을 추천"
24074300,해바라기,액션,116 분,15세이상관람가,2024.11.28,끝까지 본 내 인내심에 1점,역시 남자의 영화...,승급포인트 우마이 ㅋ ㅋ,"어두컴컴한 음지에서 벗어나 양지바른 곳으로 나아가고자 하지만 얄궂은 운명은 그렇게 쉽게 허락하지 않는다. 애처로운 마음에 그만 눈물샘을 자극하는 가족, 그리고 사랑에 관한 이야기.",오태식이만 절절하구나
24074400,소방관,드라마,106 분,12세이상관람가,2024.12.04,대한민국 국민으로서 한 번쯤은 볼 만한 영화,가족영화. 마음아프고 영화를 통해 많은것들이 바뀌었길 바램,마지막에 너무 억울하고 분해서 눈물나,너무 슬펏어요..ㅠㅜ 대한민국 소방관분들 모두 존경합니다,정말 감동있게 봤습니다
24074500,극장판 오버로드 성왕국편,애니메이션,135 분,15세이상관람가,2024.11.14,액션씬이 즐겁고 재밌어요,재미있게 관람했습니다 ㅎㅎ,오버로드란걸 처음 접했느데 재미있었다,5쿨로 내기엔 지루한 내용,액션이 생각보다 부족함
24060000,싱글 에이트,드라마,112 분,전체관람가,2024.10.09,"극중극은 SF(science fiction), 그것을 촬영해가는 주인공들의 FS(fantastic skills)",나영화진짜너무사랑해..,순수한 열정이 있어 그때를 추억할 수 있다,영화와 영화 속 영화가 공명하며 더 큰 즐거움과 고민을 던져주었다.,영화를 좋아하는 사람이라면 누구나 기분 좋게 볼 수 있는 영화
24060100,바넬과 아다마,드라마,87 분,12세이상관람가,2024.10.02,연출영화입니다...,"칸영화제 지역균등제인가요 , 아이폰으로 찍은듯한 채도 , 연기는 처음해보는 것 같은 배우들 , 이런 스토리는 이미 올드스쿨인데 ..",자막을 보지말고 화면만 봐도된다. 색감의 미학.,"아프리카의  자연, 바넬의 사랑,  인간에 대한 감독의 시선이 독특하게 느껴지는 영화였습니다",아프리카 설화와 현대적 영상 기술의 만남. 전통을 거부하는 바넬의 운명은?
24060200,극장판 고래와 나,다큐멘터리,96 분,전체관람가,2024.10.30,고래의 삶과 죽음. 역시 인간보단 고래가,메가박스 감사합니다,마음이 많이 아프고 안타까웠어요. 많은 사람들이 봤으면 좋겠습니다. 인간의 이기심이 얼마나 아프게 하고 파괴하는지.,"인간의 이기심과 잔인함을...
아름다움과 안탸까움으로 보는 시간이었어요.","지루하고, 아쉬워요"
24060300,"결혼, 하겠나?",코미디,102 분,12세이상관람가,2024.10.23,예상보다는 볼 만하였다,무방비 상태로 봤다가 너무도 현실적인 스토리에 눈물까지 나게한 흔치 않은 결혼+현실 코미디다.코앞에 둔 행복 앞에서 느닷없이 닥친 큰 시련으로 모질지 못하면 가난하다는말 와닿는다.,정직하게 이야기를 들려주는 영화네요 굿!,잔잔한 감동이 있네요.,"훌륭한아들이네요 뭉클한 영화같아요
눈아직안내리는데"
24060400,빈 국립 오페라: 투란도트,공연,142 분,15세이상관람가,2024.10.03,투란도트 오페라 배우들 연기도 좋고 음향도 좋았어요.시간대만 좀 좋은 시간이 였으면 좋겠어요.,너무 좋았어요. 모던한 무대와 연출이 새로워서 몰임해 봈습니다.,"본 중 최악의 투란도트. 무슨 외상증후군 걸린 정신병자로 바꿔놓은 연출. 대사와 연기가 완전히 따로 놀고, 핑팡퐁도 그 위트가 하나도 안 살고, 현대적 연출도 좋지만 적당히 좀..",투란도트 오랜만에 편하게 잘 봤어요,성악가들의 노래와 연기가 매우 좋았습니다
24060900,더 커버넌트,"드라마, 액션, 전쟁",123 분,15세이상관람가,2024.09.27,조금은 색다른 PTSD에 대한 접근,전쟁과 사람에 대해 생각하게 됩니다,단 한사람의. 목숨을 위해 나를 던지는 감명깊게 봤어요,전쟁의 이유는 무엇인가,그리고 남겨진 사람들에 대한 생각
24061100,스마일 2,"공포(호러), 미스터리",127 분,청소년관람불가,2024.10.16,공포스럽고 좀 기괴하고 긴장감이 있었어요,그럭저럭 볼만한 공포 영화,"1편에서 어마어마한 사운드디자인에 감동받고
이번편을 기대했는데
잘 만들긴 했지만 1편에서의
불쾌하고 답답하며 기괴하고 날카로왔던 새로움은
다소 밋밋해졌다

대신 고어함은 커져","시간이 매우 아까운 영화 스마일투 스마일은 재밌었는데, 실망싦망 대실망",주연배우 연기 진짜 잘한다
24061200,동경 이야기,드라마,136 분,전체관람가,2024.10.09,삭막한 도시인들의 모습 그리고 부질없는 가족애,재밌어요 강추 드립니다 완전,70년 전 이야기인데 지금이나 별 다를 게 없다,한 가족 속 가장 가족같은 타인,낳으실 제 괴로움도 잊어 주신 감사함을 우리 모두 서서히 잊어버리고 마는 걸까
24061300,동경의 황혼,드라마,141 분,15세이상관람가,2024.10.09,"감독들의 감독인 오즈 야스지로 영화 처음 보는데, 정성일 평론가님 GV 유익했습니다.",명작이네요 추천합니다,오즈 야스지로의 세계,Ovsohxlhosj,서로가 서로에 찌른 가시같은 응어리
24061400,티치아노. 색채의 제국,다큐멘터리,87 분,12세이상관람가,2024.09.25,"티치아노의 예술작품을 영화처럼 보여주네요
두번보게되는 예술 작품입니다",티치아노의 작품을 좀 더 이해할수있어 좋았습니다,그가 왜 위대한지를 더 자세히 알게되면서 티치아노의 그림을 다시 찾아봤어요,한 작가에 대해 다양한 정보를 들을 수 있는 시간,티치아노의 생애를 전체적으로 조망하면서 티치아노의 명화를 살펴볼 수 있었고 티치아노의 업적을 사펴볼 수 있어 좋았습니다
24061500,하얼빈,드라마,113 분,15세이상관람가,2024.12.24,너무 큰 기대를 했다,코레아 우라!!!!,만족합니다 만족합니다,"열심히 연기하더라구요.
열심인게 와 닿았습니다.",너무 잼나게 봤어요
24063900,[한글자막CC] 대도시의 사랑법,드라마,118 분,15세이상관람가,2024.10.01,자취집에서 재희랑 흥수 그리고 내가 13년을 함께 보낸 것 같은 영화,개개의 다른 삶에 다정한 영화,Drftdrdycfxtc to rc,OTT로 직행해야하는 영화,배우들 연기만 볼만하네
24064000,개그맨,코미디,85 분,15세이상관람가,2024.10.23,bj들의 삶을 어느정도 볼수있네요,연기 너무 현실감 느껴지게 다들 멋지시고 놀라웠습니다,"삶의 고난과 역경을 보여주는 코미디 작품이였습니다
영화 '암살' '일어서는 인간' '흉터' 이후 최선의 모습을 보여주신 허지원 배우님 수고 하셨습니다^^",대관한 느낌으로 혼자서 봤습니다.,"연기, 연출 다 좋았던 저예산 영화"
24064100,어프렌티스,드라마,122 분,청소년관람불가,2024.10.23,"트럼프 당선이네요,  헤어스타일 너무 똑같이",도날드 트럼프가 어떻게 지금의 모습으로 변해갔는지에 대한 젊은 날의 욕망과 탐욕을,염치는 없고 욕심만 가득한 괴물의 배를 가르다.,"배우들 연기가 몰입감이 넘쳤고, 트럼프에 대해 잘 몰랐었는데 스토리도 흥미로웠습니다",좋은영화 감사합니다.
24064200,레드 룸스,스릴러,118 분,15세이상관람가,2024.10.09,연출기법을 보세요 위험 위험,다른 영화에서 느껴보지 못한 새로움,너 뭘 기대한 거야? 라고 음침하게 돌려 캐묻는 것 같아 끝맛이 좋지않았다. 빙빙 돌려 말하는 걸 세련된 화법으로 느낀다면 더 높게 평가할지도,이야기를 연출해내는 능력은 탁월하다.,답답하다가 잠시 어이없다가
24064300,엘리자벳: 더 뮤지컬 라이브,"공연, 뮤지컬",163 분,12세이상관람가,2024.10.16,뮤지컬 라이브 많이 해주세요ㅠㅜ 너무 좋어요ㅠㅜ,실황이 많아졌으면 좋겠다ㅠㅠ,하..EMK 일 잘하네요 솔직히 너무 좋았다,영상미가 좋았음. 재미있다 특히 돌비시네마에서 봐야함.,엘리자벳 너무 재밌어요 뮤지컬하면 보러 갈려구요!
24064400,빈 국립 오페라: 오텔로,공연,148 분,15세이상관람가,2024.10.24,가각은 다 좋았지만 베스트는 아니었다,5백년 전에도 보이스피싱이...,오텔로의 역할 정말 좋았어요,오페라 상영 많이 해주세요,음악이 너무 좋아요
24064500,우리는 천국에 갈 순 없지만 사랑은 할 수 있겠지,드라마,112 분,15세이상관람가,2024.10.16,"온갖 청소년 클리셰 범벅
뺄줄도 알아야하는데",배우들의 연기는 너무 좋았지만 후반 가혹한 장면 연출때문에 앞의 좋았던 장면까지 퇴색됨,퀴어영화는 왜 항상 결말이 슬픈지,우리는 천국에 갈 순 없지만 사랑은 할 수 있겠지,행복하게 해주세요...
24064600,룸 넥스트 도어,드라마,107 분,15세이상관람가,2024.10.23,죽음은 옆방만큼 가까운것,생각이 많아지는… 나이가 들어가나…,누구나 끔꾸는 우아한 죽음,존엄한 삶을 택한다는 것이,존엄한 죽음을 향한 존중과 동행
24064700,공작새,드라마,115 분,15세이상관람가,2024.10.23,제발 이런 영화 더 주세요,독특한 소재들의 조합으로 최고의 시너지를 이끌어낸 영화. 처음 접했을때의 당황스러운 첫만남이 어느새 친근해지고 있음을 깨달았다,이렇게 매력적인 트랜스젠더 영화라니~,젠더 너머의 메시지. 나로 살기 위한 투쟁.,"이 아름다움은 연민을 허용하지 않는다. 울 시간에 신명의 아름다움, 농악의 아름다움, 자연의 아름다움을 꽉꽉 담아 보아야 하므로. 내용 면에서는 조금 싱거운 면이 있었다."
24064900,오후 네시,드라마,111 분,12세이상관람가,2024.10.23,Guhiohvhovoh,소름이 오싹 나는 영화입니다,배우들의 명연기가 볼만해요,독특했지만 재밌게 잘봤어요,오후네시만되면 찾아오는 불청객 한적함을 즐기기위해 별장같은 집으로의 이사  하지만 4시의 공포에 휩싸이며 ....
24065000,최소한의 선의,드라마,110 분,12세이상관람가,2024.10.30,"누구나 겪을 수 있는 상황 이라고 생각한다 어른으로서 외면하지 말아야 하는 현실 이라는 생각이 든다 많은 생각이 들었다 
좋은 뜻으로 선한 의도를 가지고 베푸는 마음",초반 대사가 잘 안들려서 아쉬움,영화의 필연성은 차치하더라도 상황과 사건들이 꼭 겪어보면 좋을 슬픈 우리사회의 모습니다.,"곱지않은 통념의 시선을 내 일이기에 감래해가는 유미,희연의 뚝심에 찬사를 보냅니다.",최소한의 선의란 당사자가 어떤 선택을 하든지 들어주고 존중해주는 것. 현실을 직시한다는 핑계로 주위의 눈치만 보고 책임을 회피하려고만 했던 것은 아닌지 내 양심을 생각해보게 된다.
22084200,데시벨,액션,110 분,12세이상관람가,2022.11.16,긴장감과 즐거움과~~,긴장의연속 비밀이없다는 스토리 복수극이너무단순,ㅜㅜ별로 노잼임ㅜㅜ,부모님이 너무 재미있으셨대요!!,생각보다 스토리가 너무 별로...
22084600,파이어버드,전쟁,107 분,15세이상관람가,2022.11.17,"잘 봤어요... 모든 장면장면이 좋았습니다
그런 엔딩일 수밖에 없던거겠죠.. 가끔씩 생각나는 영화입니다ㅎ",최고…스토리도 좋고 몰입하면서 봤어요,안되는데..너무 보고 싶어..진호,"미청년들의 아름다운 ʚ♥⃛ɞ
추릅",그 시대 그 사랑이 안타까웠어요.
22084700,놈이 우리 안에 있다,"미스터리, 스릴러",96 분,15세이상관람가,2022.11.23,좋은 영화 잘 보았습니다!,미국식 b급 코미디영화라서 호불호가 갈릴듯하다,너무 너무 기대한 영화에요 나쁘진 읺았디만 기대만큼은 아닌 유치할수도 있는 내용을 잘 연출 한것 같아요,이런 영화는 극장에 올리는 것 자체가 민폐다...,아 왜 못쓴건지 허무해요
22084800,블랙 사이트,액션,92 분,15세이상관람가,2022.11.02,액션쩔어요 보세요ㅎ,"재밌게 봤어요.,.,.,.,.,",주인공의 역할이 평법하다. 액션은없는 액션영화다.,킬링타임용으로 나쁘지 않았어요,너무 잔인하고 끝이 뭔가 애매해서 아쉽네요
22084900,죽어도 자이언츠,다큐멘터리,108 분,12세이상관람가,2022.10.27,허러차ㅏ프퍼추추추프파처,좋습니다 감사합니다,롯데팬이라면 다를지도.,죽자죽자죽자죽자죽자,"편집이나 내용이 다소 부실합니다만, 롯데팬일 수밖에 없는 제 자신의 모습이 겹쳐보여서 뭉클했습니다. 구덕운동장의 롯데 경기들, 그 전의 화랑대기 경고-부고 매치도 떠올랐어요."
